candidate_id,persistence_minutes,refractory_minutes,baseline,page_gate,governed_sensitivity_pct,interruptive_sensitivity_pct,interruptive_reduction_ratio,selected
grid_p0_r90_b0,0,90,off,on,88.43575418994413,37.6536312849162,0.12251536914246035,yes
grid_p0_r120_b0,0,120,off,on,88.43575418994413,37.6536312849162,0.12251536914246035,no
dual,0,90,off,on,88.43575418994413,37.6536312849162,0.12251536914246035,no
grid_p15_r90_b0,15,90,off,on,86.08938547486034,38.60335195530726,0.12293049637895834,no
grid_p15_r120_b0,15,120,off,on,86.08938547486034,38.60335195530726,0.12293049637895834,no
grid_p30_r90_b0,30,90,off,on,86.08938547486034,38.60335195530726,0.12293049637895834,no
grid_p30_r120_b0,30,120,off,on,86.08938547486034,38.60335195530726,0.12293049637895834,no
grid_p0_r60_b0,0,60,off,on,88.43575418994413,40.279329608938546,0.24544586552141867,no
grid_p30_r60_b0,30,60,off,on,86.08938547486034,40.279329608938546,0.24544586552141867,no
grid_p15_r60_b0,15,60,off,on,86.08938547486034,40.279329608938546,0.24544586552141867,no
sensitive,0,120,off,off,88.43575418994413,44.07821229050279,0.1609146385185241,no
accuracy,0,90,off,off,88.43575418994413,44.07821229050279,0.1609146385185241,no
strict,30,120,on,off,16.927374301675975,16.927374301675975,0.02364048072361293,no
grid_p15_r120_b1,15,120,on,on,26.368715083798882,26.201117318435752,0.04163726182074806,no
grid_p15_r90_b1,15,90,on,on,26.368715083798882,26.201117318435752,0.04163726182074806,no
grid_p30_r90_b1,30,90,on,on,26.368715083798882,26.201117318435752,0.04163726182074806,no
grid_p30_r120_b1,30,120,on,on,26.368715083798882,26.201117318435752,0.04163726182074806,no
grid_p0_r120_b1,0,120,on,on,29.88826815642458,29.664804469273744,0.04926428132040652,no
grid_p0_r90_b1,0,90,on,on,29.88826815642458,29.664804469273744,0.04926428132040652,no
balanced,15,60,on,on,26.368715083798882,26.201117318435752,0.07526822880303723,no
grid_p15_r60_b1,15,60,on,on,26.368715083798882,26.201117318435752,0.07526822880303723,no
grid_p30_r60_b1,30,60,on,on,26.368715083798882,26.201117318435752,0.07526822880303723,no
grid_p0_r60_b1,0,60,on,on,29.88826815642458,29.664804469273744,0.08896365372350262,no
